IDN5,NM5
800015,Ábelová
800040,Abovce
800058,Abrahám
800066,Abrahámovce
800074,Abrahámovce
800091,Abramová
800112,Abranovce
800121,Adamovské Kochanovce
800155,Adidovce
800163,Alekšince
800180,Andač
800198,Andovce
800201,Andrejová
800210,Svätý Anton
800236,Ardanovce
800252,Ardovo
800261,Arnutovce
800287,Malý Báb
800295,Veľký Báb
800309,Babie
800317,Babín
800325,Babin Potok
800333,Babiná
800341,Babindol
800350,Babinec
800376,Babkov
800384,Bacúch
800392,Bacúrov
800406,Báč
800414,Bačka
800422,Bačkov
800431,Bačkovík
800457,Báčovce
800465,Baďan
800473,Badín
800481,Báhoň
800490,Bajany
800503,Bajč
800554,Bajerov
800562,Bajerovce
800571,Bajka
800589,Bajtava
800597,Baka
800601,Bakta
800619,Baláže
800627,Baldovce
800635,Balog nad Ipľom
800643,Baloň
800651,Baňa
800678,Banka
800694,Banky
800708,Banky
800724,Bánov
800732,Malá Kesa
800759,Bánová
800805,Bánovce nad Bebravou
801011,Bánovce nad Ondavou
801038,Banská Belá
801062,Banská Bystrica
801101,Sásová
801241,Radvaň
801283,Podlavice
801372,Malachov
801381,Kremnička
801402,Šalková
801411,Senica
801429,Kynceľová
801437,Nemce
801453,Kostiviarska
801461,Banská Hodruša
801470,Banská Štiavnica
801640,Banské
801658,Banský Studenec
801674,Malá Bara
801682,Veľká Bara
801691,Barca
801712,Bardejov
802077,Bardejovská Nová Ves
802093,Bardoňovo
802107,Bartošova Lehôtka
802115,Bartošovce
802123,Baška
802140,Baškovce
802158,Baškovce
802166,Bašovce
802174,Batizovce
802191,Bátka
802204,Dulovo
802212,Bátorová
802221,Bátovce
802239,Jalakšová
802247,Kmeťovce
802255,Beckov
802263,Beharovce
802271,Behynce
802280,Behynce
802298,Becherov
802301,Belá
802328,Belá
802336,Belá
802395,Belá nad Cirochou
802409,Beladice
802417,Pustý Chotár
802425,Belejovce
802433,Belín
802450,Belina
802468,Belince
802476,Bellova Ves
802484,Beloveža
802492,Beluj
802506,Beluša
802565,Belža
802573,Beňadiková
802581,Beňadikovce
802590,Beňadovo
802603,Beňatina
802611,Beniakovce
802638,Benice
802654,Benice
802662,Benkovce
802671,Beňova Lehota
802689,Beňuš
802727,Beňušovce
802735,Bernolákovo
802743,Bertotovce
802760,Beša
802778,Jesenské
802794,Beša
802808,Bešeňov
802816,Bešeňová
802824,Betlanovce
802841,Betliar
802867,Bežovce
802875,Bidovce
802905,Biel
802913,Bielovce
802921,Biely Kostol
802930,Bijacovce
802948,Bílkove Humence
802956,Bíňa
802972,Bíňovce
802981,Biskupice
802999,Biskupice
803006,Biskupová
803014,Bitarová
803022,Blahová
803031,Blatná na Ostrove
803057,Blatná Polianka
803065,Blatné
803073,Blatné Remety
803090,Blatné Revištia
803103,Blatnica
803111,Blažice
803146,Blažovce
803162,Blesovce
803171,Blhovce
803197,Bobot
803201,Bobotská Lehota
803219,Bobrov
803227,Bobrovček
803235,Bobrovec
803243,Bobrovník
803286,Bodice
803294,Bodiná
803308,Bodorová
803316,Kevice
803324,Bodovce
803332,Svätá Mária
803341,Bodružal
803359,Bodza
803367,Bodzianske Lúky
803375,Bogliarka
803383,Bohatá
803413,Bohdanovce
803421,Bohdanovce nad Trnavou
803430,Boheľov
803448,Bohunice
803456,Bohunice
803464,Bohúňovo
803472,Tiba
803481,Bojná
803499,Malé Dvorany
803511,Bojnice
803537,Dubnica
803553,Bojničky
803561,Boľ
803570,Boldog
803588,Boleráz
803596,Klčovany
803600,Bolešov
803626,Boliarov
803642,Boľkovce
803669,Borcová
803677,Borčany
803685,Borčice
803693,Borinka
803707,Vačková
803715,Bôrka
803723,Borov
803740,Borová
803758,Borovce
803766,Borský Svätý Jur
803804,Borský Mikuláš
803821,Borský Peter
803847,Borša
803855,Bory
803863,Bošáca
803871,Haluzice
803901,Baštín
803910,Malé Bošany
803936,Veľké Bošany
803944,Boťany
803961,Bottovo
803987,Božčice
804002,Bracovce
804011,Brádno
804029,Branč
804037,Veľká Ves
804045,Branovo
804096,Staré Mesto
804274,Nivy
804380,Vinohrady
804690,Nové Mesto
804959,Petržalka
805211,Karlova Ves
805301,Devín
805343,Trnávka
805556,Ružinov
805700,Vajnory
805866,Rača
806005,Lamač
806099,Dúbravka
806145,Braväcovo
806161,Brdárka
806170,Brehov
806188,Brehy
806196,Brekov
806218,Brestov
806226,Brestov
806234,Brestov nad Laborcom
806242,Malé Brestovany
806251,Veľké Brestovany
806269,Brestovec
806277,Brestovec
806382,Bretejovce
806391,Bretka
806404,Breza
806412,Brezany
806421,Brezina
806447,Breziny
806463,Breznica
806480,Breznička
806510,Breznička
806528,Brezno
806722,Brezolupy
806731,Brezov
806749,Brezová pod Bradlom
806820,Brezovec
806838,Brezovica
806846,Brezovica
806862,Brezovička
806871,Brezovka
806889,Brežany
806897,Dolné Brhlovce
806901,Horné Brhlovce
806927,Briestenné
806935,Brieštie
806951,Brodno
806960,Brodské
806978,Brodzany
806986,Brunovce
807001,Brusnica
807010,Brusník
807028,Brutovce
807036,Bruty
807044,Brvnište
807052,Brzotín
807061,Buclovany
807079,Búč
807109,Bučany
807117,Budatínska Lehota
807125,Budča
807141,Budikovany
807150,Budimír
807176,Budiná
807222,Budiš
807231,Budkovce
807265,Budmerice
807281,Budulov
807290,Buglovce
807303,Buková
807320,Bukovce
807354,Bukovec
807389,Bukovec
807401,Bukovina
807419,Bukovina
807427,Bulhary
807435,Bunetice
807443,Bunkovce
807451,Bušince
807478,Bušovce
807486,Buzica
807508,Buzitka
807567,Bystrá
807575,Bystrany
807591,Bystré
807613,Bystričany
807630,Chalmová
807648,Vieska
807656,Bystrička
807664,Bystrička
807681,Byšta
807711,Hliník nad Váhom
807729,Malá Bytča
807737,Mikšová
807745,Veľká Bytča
807753,Bytčica
807761,Bzenica
807788,Bzenov
807796,Bzince
807818,Dolné Bzince
807826,Horné Bzince
807834,Hrubá Strana
807842,Hrušové
807885,Bziny
807893,Bzovík
807915,Bzovská Lehôtka
807923,Bžany
807931,Cabaj
807974,Cabov
807982,Cakov
807991,Cejkov
808008,Cernina
808024,Cerová-Lieskové
808032,Cerovo
808113,Cestice
808130,Cífer
808156,Cigeľ
808172,Cigeľka
808199,Cigla
808202,Cimenná
808211,Cinobaňa
808253,Čab
808270,Sila
808288,Čabalovce
808300,Čabiny
808318,Čabradský Vrbovok
808334,Čačín
808393,Čadca
808512,Horelica
808555,Čachtice
808571,Čajkov
808580,Čaka
808598,Čakajovce
808601,Čakanovce
808636,Čakanovce
808644,Čakany
808661,Čaklov
808679,Čalovec
808709,Veľký Meder
808733,Čamovce
808750,Čaňa
808768,Čankov
808776,Čápor
808792,Čaradice
808806,Čáry
808814,Častá
808831,Častkov
808857,Častkovce
808873,Čata
808881,Čataj
808911,Čavoj
808971,Čebovce
808997,Čečehov
809004,Čečejovce
809021,Čechy
809047,Čekovce
809098,Čeľadice
809101,Čeľadince
809110,Čeláre
809144,Čelkova Lehota
809161,Čelovce
809187,Čelovce
809195,Čeľovce
809217,Čemerné
809241,Čereňany
809268,Čerenčany
809276,Čerhov
809284,Čerín
809292,Čermany
809314,Černík
809322,Černina
809331,Černochov
809349,Čertižné
809357,Červená Voda
809365,Červeňany
809381,Červenica
809403,Červenica pri Sabinove
809411,Červeník
809420,Červený Hrádok
809438,Červený Kameň
809446,Červený Kláštor
809462,České Brezovo
809489,Zlatno
809497,Čičarovce
809501,Čičava
809519,Čičmany
809527,Číčov
809551,Čierna
809560,Čierna Lehota
809586,Čierna Lehota
809594,Čierna nad Tisou
809616,Čierna Voda
809624,Čierne
809675,Čierne Kľačany
809691,Čierne nad Topľou
809705,Čierne Pole
809713,Čierny Balog
809764,Čierny Brod
809772,Heď
809799,Zúgov
809802,Ostrov
809811,Čierny Potok
809845,Čifáre
809853,Čiližská Radvaň
809870,Čimhová
809896,Čirč
809900,Číž
809934,Čižatice
809942,Čoltovo
809951,Čremošné
809969,Čukalovce
809977,Čuklasovce
809985,Čunovo
809993,Ďačov
810002,Horný Dačov Lom
810037,Dolný Dačov Lom
810045,Daletice
810053,Danišovce
810061,Ďanová
810070,Ďapalovce
810088,Dara
810096,Dargov
810100,Davidov
810118,Debraď
810134,Dedačov
810142,Dedina Mládeže
810169,Dedinka
810185,Dedinky
810223,Dechtice
810231,Dekýš
810240,Demandice
810282,Demänová
810304,Demänovská Dolina
810347,Demjata
810355,Detrík
810363,Detva
810550,Detvianska Huta
810606,Dolné Devičany
810614,Horné Devičany
810622,Devičie
810649,Devínska Nová Ves
810673,Dežerice
810681,Vlčkovo
810690,Diaková
810703,Diakovce
810711,Diva
810720,Diviacka Nová Ves
810738,Vrbany
810746,Diviaky
810762,Diviaky nad Nitricou
810789,Divín
810835,Divina
810851,Divinka
810878,Dlhá
810886,Dlhá Lúka
810908,Dlhá nad Kysucou
810991,Dlhá nad Oravou
811009,Dlhá nad Váhom
811017,Dlhá Ves
811025,Dlhé Klčovo
811033,Dlhé nad Cirochou
811041,Dlhé Pole
811149,Dlhé Stráže
811157,Dlhoňa
811165,Dlžín
811173,Dobrá
811181,Dobrá
811190,Dobrá Niva
811220,Dobrá Voda
811254,Dobroč
811301,Kotmanová
811343,Dobrohošť
811351,Dobroslava
811378,Dobšiná
811432,Dohňany
811475,Dojč
811483,Doľany
811491,Doľany
811513,Dolinka
811521,Dolná Breznica
811548,Dolná Krupá
811572,Dolná Lehota
811599,Dolná Lehota
811611,Dolná Mariková
811718,Dolná Mičiná
811726,Dolná Poruba
811769,Dolná Seč
811777,Dolná Streda
811785,Dolná Strehová
811840,Dolná Súča
811874,Dolná Štubňa
811904,Dolná Tižina
811921,Dolná Trnávka
811939,Dolná Ves
811947,Dolná Ždaňa
811955,Dolné Držkovce
811963,Dolné Dubové
811971,Dolné Hámre
812013,Dolné Kočkovce
812021,Dolné Krškany
812048,Dolné Lefantovce
812056,Dolné Mladonice
812072,Dolné Naštice
812081,Dolné Obdokovce
812099,Dolné Orešany
812102,Dolné Otrokovce
812111,Dolné Plachtince
812129,Dolné Saliby
812137,Dolné Semerovce
812145,Dolné Srnie
812153,Dolné Strháre
812161,Dolné Štitáre
812170,Dolné Trhovište
812188,Dolné Vestenice
812196,Dolné Zahorany
812200,Dolné Zelenice
812226,Dolný Badín
812234,Dolný Bar
812242,Mad
812251,Dolný Harmanec
812277,Dolný Hričov
812293,Dolný Chotár
812307,Dolný Kalník
812315,Dolný Kubín
812331,Veľký Bysterec
812340,Malý Bysterec
812404,Záskalie
812455,Kubínska Hoľa
812463,Medzihradné
812471,Dolný Lieskov
812480,Dolný Lopašov
812501,Dolný Moštenec
812510,Dolný Ohaj
812536,Svätý Peter
812544,Dolný Pial
812552,Dolný Tisovník
812561,Dolný Vadičov
812579,Domadice
812587,Domaníky
812595,Domaniža
812625,Domaňovce
812641,Donovaly
812714,Dovalovo
812722,Drábsko
812757,Drahňov
812773,Drahovce
812803,Dravce
812811,Dražice
812820,Dražkovce
812854,Dražovce
812871,Drážovce
812889,Drienčany
812897,Papča
812901,Drienica
812927,Drienov
812935,Drienovec
812943,Drienovo
812960,Drienovská Nová Ves
813001,Drietoma
813052,Drňa
813061,Drnava
813079,Kostoľany nad Hornádom
813087,Malá Vieska
813095,Tepličany
813109,Drženice
813117,Držkovce
813125,Ďubákovo
813133,Dubinné
813141,Dubnica nad Váhom
813222,Dubnička
813249,Dubník
813265,Mikulášov dvor
813281,Dubno
813290,Dubodiel
813303,Dubová
813311,Dubová
813320,Dolné Dubovany
813338,Horné Dubovany
813346,Vlčkovany
813354,Vidovany
813362,Dubové
813371,Dubové
813389,Dubovec
813397,Dubovica
813401,Dúbrava
813427,Dúbrava
813435,Dúbrava
813443,Dúbravica
813451,Dúbravka
813478,Dúbravy
813516,Ducové
813532,Dudince
813559,Merovce
813567,Dukovce
813575,Dulice
813583,Dulov
813591,Dulova Ves
813605,Dulovce
813630,Dunajov
813664,Dunajská Streda
813826,Mliečany
813834,Malé Blahovo
813842,Duplín
813851,Ďurčiná
813877,Ďurďoš
813893,Ďurďošík
813907,Ďurďové
813915,Ďurkov
813923,Ďurková
813931,Ďurkovce
813940,Dúžava
813958,Dvorany nad Nitrou
813966,Dvorec
813982,Dvorec nad Turcom
813991,Dvorianky
814024,Dvorníky
814083,Dvorníky
814113,Malé Dvorníky
814121,Veľké Dvorníky
814148,Dvory nad Žitavou
814156,Dyčka
814172,Egreš
814181,Fačkov
814199,Falkušovce
814202,Farná
814211,Fekišovce
814229,Figa
814237,Fijaš
814296,Fiľakovo
814334,Fiľakovské Kováče
814351,Fintice
814369,Folkušová
814377,Forbasy
814385,Frička
814393,Fričkovce
814415,Fričovce
814423,Fulianka
814440,Gabčíkovo
814474,Gaboltov
814482,Gajary
814504,Galanta
814539,Hody
814610,Nebojsa
814628,Galovany
814636,Brakoň
814644,Gáň
814652,Filice
814661,Gánovce
814679,Gbeľany
814687,Gbelce
814717,Gbely
814733,Geča
814741,Gelnica
814865,Gemer
814881,Gemerček
814903,Gemerská Hôrka
814911,Gemerská Panica
814938,Gemerská Poloma
814954,Gemerská Ves
814971,Gemerské Dechtáre
814989,Gemerské Michalovce
814997,Gemerský Milhosť
815004,Jelšavská Teplica
815021,Gemerský Jablonec
815039,Mikolčany
815047,Nováčany
815055,Geraltov
815071,Gerlachov
815098,Gerlachov
815101,Giglovce
815136,Giraltovce
815144,Girovce
815152,Glabušovce
815179,Gočaltovo
815187,Gočovo
815195,Golianovo
815209,Gondovo
815217,Gortva
815225,Bizovo
815233,Čenice
815250,Gôtovany
815268,Granč-Petrovce
815276,Gregorova Vieska
815284,Gregorovce
815292,Gribov
815306,Gyňov
815322,Habovka
815331,Habura
815349,Hačava
815365,Hačava
815373,Hágy
815381,Háj
815390,Hajná Nová Ves
815411,Hajnáčka
815446,Hájske
815462,Hajtovka
815471,Haláčovce
815489,Otrhánky
815501,Halič
815578,Haligovce
815586,Hámre
815594,Hamuliakovo
815608,Handlová
815675,Hanigovce
815691,Haniska
815705,Haniska
815713,Hanková
815721,Hankovce
815730,Hankovce
815748,Hanušovce nad Topľou
815764,Harakovce
815772,Harhaj
815781,Harichovce
815799,Harmanec
815802,Harvelka
815918,Hatalov
815926,Hatné
815942,Havaj
815951,Havka
815969,Havranec
815977,Hažín
815985,Hažlín
816001,Helcmanovce
816019,Heľpa
816027,Henckovce
816035,Henclová
816043,Hencovce
816051,Hendrichovce
816060,Herľany
816078,Žírovce
816086,Hermanovce
816094,Hermanovce nad Topľou
816108,Hertník
816116,Hervartov
816124,Hiadeľ
816132,Hincovce
816159,Hladovka
816175,Hlboké
816183,Hlboké nad Váhom
816191,Hliník nad Hronom
816221,Hlinné
816230,Hlivištia
816248,Hlohovec
816400,Hloža-Podhorie
816418,Hniezdne
816434,Hnilčík
816477,Hnilec
816507,Hnojné
816515,Hnúšťa
816558,Hodejov
816566,Hodejovec
816574,Hodkovce
816582,Hokovce
816591,Holčíkovce
816612,Dolné Holiare
816621,Horné Holiare
816639,Beketfa
816647,Čéfa
816655,Kostolná Gala
816663,Malá Budafa
816680,Póšfa
816698,Stará Gala
816701,Veľká Budafa
816710,Čentöfa
816728,Holíč
816850,Holiša
816884,Holumnica
816892,Honce
816906,Hontianska Vrbica
816914,Kostolné Moravce
816922,Opatové Moravce
816931,Hontianske Nemce
816957,Rakovec
816973,Hontianske Tesáre
817007,Horenice
817015,Medné
817023,Hôrka
817040,Hôrka
817104,Hôrka nad Váhom
817139,Hôrky
817147,Horňa
817163,Horná Breznica
817171,Horná Kráľová
817180,Horná Krupá
817201,Horná Lehota
817210,Horná Lehota
817287,Horná Mariková
817457,Horná Mičiná
817465,Horná Poruba
817490,Benkova Potôň
817503,Čečínska Potôň
817511,Horná Potôň
817520,Potônske Lúky
817571,Horná Seč
817589,Horná Streda
817597,Horná Strehová
817627,Horná Súča
817708,Horná Štubňa
817783,Horná Tižina
817791,Horná Trnávka
817805,Horná Ves
817830,Horná Ves
817848,Horná Ždaňa
817856,Horňany
817864,Horné Držkovce
817872,Horné Dubové
817881,Horné Hámre
817970,Horné Chlebany
817988,Turčianske Jaseno
817996,Horné Lefantovce
818011,Horné Mladonice
818046,Horné Naštice
818089,Horné Obdokovce
818097,Horné Orešany
818127,Horné Otrokovce
818135,Horné Ozorovce
818143,Horné Plachtince
818160,Horné Pršany
818178,Horné Saliby
818194,Horné Semerovce
818216,Horné Srnie
818232,Horné Strháre
818241,Horné Štitáre
818259,Horné Trhovište
818275,Horné Turovce
818283,Horné Vestenice
818291,Horné Zahorany
818313,Horné Zelenice
818321,Horný Badín
818330,Bodíky
818356,Horný Bar
818364,Šuľany
818381,Horný Hričov
818399,Horný Kalník
818402,Horný Lieskov
818411,Horný Moštenec
818429,Horný Ohaj
818437,Horný Pial
818453,Horný Tisovník
818526,Horný Vadičov
818551,Horovce
818577,Horovce
818585,Horša
818607,Hoste
818615,Hostice
818631,Hostie
818640,Panský diel
818658,Hostišovce
818674,Hosťová
818682,Hosťovce
818704,Hostovice
818712,Hoštiná
818721,Hozelec
818763,Hrabičov
818801,Hrabkov
818810,Hrabová Roztoka
818828,Hrabovčík
818836,Hrabové
818844,Hrabovec
818852,Hrabovec nad Laborcom
818861,Hrabovka
818887,Hrabské
818909,Hrabušice
818941,Hradisko
818950,Hradisko
818968,Hradište
818984,Hradište
819000,Hradište pod Vrátnom
819018,Hrádok
819042,Hrachovište
819051,Hrachovo
819069,Hraň
819085,Kechnec
819107,Milhosť
819123,Hraničné
819131,Hranovnica
819158,Hrašné
819212,Hrašovík
819221,Hrboltová
819247,Hrčeľ
819255,Hrhov
819263,Hriadky
819271,Hričovské Podhradie
819298,Hriňová
819441,Hrišovce
819450,Hrkovce
819468,Hrlica
819476,Hrnčiarovce
819514,Pondelok
819531,Veľká Suchá
819549,Hrnčiarske Zalužany
819557,Dolný Štál
819565,Horný Štál
819581,Tône
819603,Hrochoť
819620,Hromoš
819662,Hronec
819671,Brusno
819701,Čajakovo
819719,Domaša
819735,Vozokany nad Hronom
819743,Hronsek
819760,Hronská Breznica
819786,Hronská Dúbrava
819794,Hronské Kľačany
819808,Hronské Kosihy
819816,Hronský Beňadik
819824,Hrubá Borša
819832,Suľany
819841,Výčapky
819859,Hrubov
819867,Hrubý Šúr
819883,Hrušov
819972,Hrušov
819981,Hrušovany
819999,Hrušovo
820008,Ostrany
820016,Striežovce
820024,Hruštín
820032,Hubice
820041,Hubina
820059,Hubošovce
820075,Hubová
820083,Hubovo
820091,Hucín
820105,Hudcovce
820113,Hul
820121,Humenné
820369,Humenský Rokytov
820385,Huncovce
820393,Hunkovce
820407,Hurbanova Ves
820423,Hurbanovo
820482,Husák
820491,Husiná
820539,Hutka
820547,Bočiar
820555,Sokoľany
820563,Huty
820571,Hviezdoslavov
820598,Hvozdnica
820610,Hybe
820636,Hýľov
820644,Chanava
820661,Chľaba
820679,Chlebnice
820687,Chlmec
820695,Chmeľnica
820709,Chmeľov
820725,Chmeľová
820733,Chmeľovec
820750,Chmiňany
820776,Chminianska Nová Ves
820784,Chminianske Jakubovany
820792,Choča
820831,Chocholná-Velčice
820849,Choňkovce
820865,Chorvátsky Grob
820873,Chotča
820881,Chotín
820903,Chrabrany
820911,Chrámec
820938,Chrasť nad Hornádom
820946,Chrastince
820954,Chrastné
820962,Malé Chrašťany
820971,Veľké Chrašťany
820989,Brusno
820997,Chrenovec
821004,Chropov
821012,Chrťany
821039,Chtelnica
821047,Chudá Lehota
821055,Chvalová
821063,Chvojnica
821071,Chvojnica
821098,Chynorany
821110,Chyžné
821128,Igram
821136,Majerka
821144,Stotince
821152,Ihráč
821161,Ihrište
821179,Iľanovo
821187,Ilava
821209,Iliašovce
821225,Ilija
821241,Imeľ
821250,Iňa
821276,Iňačovce
821284,Inovce
821292,Ipeľské Predmostie
821306,Ipeľské Úľany
821357,Ipeľský Potok
821373,Ipeľský Sokolec
821390,Istebné
821403,Ivachnová
821411,Ivančiná
821420,Ivanice
821438,Farná
821446,Ivanka pri Dunaji
821454,Ivanka pri Nitre
821471,Ivanovce
821501,Iža
821519,Ižipovce
821527,Ižkovce
821535,Ižop
857378,Spišská Belá
857386,Spišská Nová Ves
857581,Spišská Stará Ves
857599,Spišská Teplica
857611,Spišské Bystré
857629,Spišské Hanušovce
857645,Spišské Podhradie
857670,Spišské Tomášovce
857696,Spišské Vlachy
857726,Spišský Hrhov
857734,Spišský Hrušov
857751,Spišský Štiavnik
857777,Spišský Štvrtok
857785,Srňacie
857793,Stakčínska Roztoka
857807,Stakčín
857823,Stankovany
857840,Stankovce
857858,Stará Bašta
857921,Stará Bystrica
857939,Stará Halič
857971,Stará Huta
858048,Stará Kremnička
871800,Bystrická hora
871818,Hrubé lúky
871826,Záhorská Ves
871834,Záhradné
871851,Zacharovce
871915,Zaježová
871940,Zákamenné
872253,Zákopčie
872261,Zalaba
872270,Zálesie
872296,Zálesie
872300,Zamarovce
872326,Zámutov
872342,Záriečie
872369,Záskalie
872377,Zástranie
872393,Zatín
872407,Záturčie
872423,Závada
872431,Trenčianska Závada
872440,Závada
872458,Závada
872466,Závada
872482,Závada pod Čiernym vrchom
872491,Závadka
872504,Závadka
821551,Jabloň
821560,Jablonec
821586,Jablonica
821632,Jablonka
821713,Jablonov
821721,Jablonov nad Turňou
821730,Dolné Jabloňovce
821748,Horné Jabloňovce
821756,Jablonové
821772,Jablonové
821781,Jacovce
821802,Dunajský Klátov
821811,Jahodná
821845,Jaklovce
821853,Jakovany
821870,Jakubany
821888,Jakubov
821896,Jakubova Voľa
821900,Jakubovany
821926,Jakubovany
821934,Jakušovce
821942,Jalná
821951,Jalová
821969,Jalovec
821977,Jalovec
821985,Jalšové
822001,Jalšovík
822019,Jamník
822027,Jamník
822035,Janice
822043,Janík
822051,Búštelek
822060,Dolné Janíky
822078,Horné Janíky
822086,Jankovce
822094,Jánošíková
822108,Janov
822124,Janova Lehota
822132,Janova Ves
822141,Jánovce
822167,Janovce
822183,Jánovce
822191,Machalovce
822205,Janovík
822213,Jarabá
822221,Jarabina
822230,Jarná
822248,Jarok
822256,Jarovce
822272,Jarovnice
822281,Jasenica
822302,Jasenie
822329,Jasenov
822337,Jasenov
822345,Jasenová
822353,Jasenovce
822388,Jasenové
822396,Jasenovo
822400,Bohunice
822418,Jaslovce
822434,Jasov
822451,Jasová
822485,Jastrabá
822493,Jastrabie nad Topľou
822507,Jastrabie pri Michalovciach
822515,Jatov
822566,Jazernica
822574,Jedlinka
822621,Jedľové Kostoľany
822655,Jelenec
822663,Jelka
822671,Nová Jelka
822680,Ereč
822698,Jelšava
822728,Jelšovce
822736,Jelšovec
822744,Jenkovce
822795,Jesenské
822817,Jestice
822825,Ješkova Ves
822833,Jezersko
822841,Jovice
822850,Jovsa
822868,Jur nad Hronom
822884,Svätý Jur
822892,Neštich
822906,Jurkova Voľa
822914,Jurová
822922,Jurské
822931,Juskova Voľa
822957,Kačanov
822965,Kajal
822973,Kaľamenová
822981,Kalameny
822990,Kaľava
823015,Kalinčiakovo
823023,Kalinkovo
823031,Kalinov
823058,Hrabovo
823066,Kalinovo
823112,Kalná
823121,Kalnica
823147,Kalná Roztoka
823155,Kalnica
823163,Kalnište
823171,Kalonda
823180,Kaloša
823210,Kalša
823228,Kaluža
823236,Kamanová
823252,Kameňany
823261,Kamenec pod Vtáčnikom
823287,Kamenica
823317,Hažín nad Cirochou
823325,Kamenica nad Cirochou
823333,Kamenica nad Hronom
823350,Kameničany
823384,Kameničná
823422,Kamenín
823449,Kamenná Poruba
823457,Kamenná Poruba
823473,Kamenné Kosihy
823490,Kamenný Most
823503,Kamienka
823511,Kamienka
823520,Kanianka
823538,Kapince
823546,Kapišová
823554,Kaplna
823571,Kapušany
823589,Kapušianske Kľačany
823597,Kardošova Vieska
823601,Karlová
823627,Karná
823635,Kašov
823643,Kátlovce
823651,Kátov
823660,Katúň
823678,Kavečany
823686,Veľký Kazimír
823708,Kecerovské Kostoľany
823732,Kecerovské Pekľany
823741,Kecerovský Lipovec
823759,Kečkovce
823767,Kečovo
823775,Kendice
823791,Kesovce
823805,Dimitrij
823813,Kežmarok
823945,Kiarov
823970,Kľačany
823996,Kľačany
824003,Kľače
824011,Kľačno
824020,Kladzany
824038,Kľak
824054,Klasov
824062,Klastava
824089,Kláštor pod Znievom
824101,Klátova Nová Ves
824127,Klčov
824135,Kleňany
824143,Klenov
824151,Klenová
824224,Klenovec
824348,Klieština
824364,Klin
824381,Klížska Nemá
824402,Klobušice
824437,Klokoč
824551,Klokočov
824844,Klokočov
824852,Klubina
824879,Kľúčové
824887,Kľúčovec
824895,Kluknava
824925,Kľušov
824941,Kmeťovo
824968,Kňažia
824976,Kobeliarovo
824984,Kobylnice
824992,Kobyly
825018,Koceľovce
825026,Kociha
825051,Kocurany
825069,Kocurice
825077,Kočín
825085,Beckovská Vieska
825093,Kočovce
825107,Rakoľuby
825115,Kochanovce
825123,Kochanovce nad Laborcom
825131,Kojatice
825166,Kojšov
825298,Kokava nad Rimavicou
825344,Utekáč
825387,Kokošovce
825409,Kokšov-Bakša
825417,Malý Kolačín
825425,Veľký Kolačín
825433,Kolačkov
825441,Kolačno
825506,Kolárovice
825581,Kolárovo
825671,Vážsky klin
825689,Koláre
825697,Kolbasov
825701,Kolbovce
825719,Kolibabovce
825743,Kolíňany
825760,Kolinovce
825778,Kolonica
825786,Kolta
825794,Komárany
825883,Komárno
826031,Komárov
826049,Komárovce
826057,Komárovce
826073,Komjatice
826081,Komjatná
826103,Komoča
826111,Koniarovce
826120,Konrádovce
826138,Konská
826146,Konská
826154,Konské
826162,Koňuš
826189,Kopanice
826197,Kopčany
826201,Zemplínske Kopčany
826219,Kopec
826227,Kopernica
826235,Koplotovce
826251,Koprivnica
826260,Kordíky
826278,Korejovce
826294,Korňa
826537,Koromľa
826545,Korunková
826561,Kosihovce
826570,Kosihy nad Ipľom
826588,Kosorín
826596,Kostoľany pod Tribečom
826600,Kostolec
826626,Kostolište
826634,Kostolná pri Dunaji
826642,Malý Šúr
826651,Kostolná Ves
826669,Kostolná-Záriečie
826693,Kostolné
826740,Amadeho Kračany
826758,Kostolné Kračany
826766,Kynceľove Kračany
826774,Moravské Kračany
826782,Pinkove Kračany
826804,Kostolný Sek
826812,Koš
826821,Košariská
826871,Košarovce
826880,Košeca
826910,Košecké Rovné
826928,Stredné Mesto
826952,Letná
827029,Huštáky
827088,Vyšné Opátske
827118,Južné Mesto
827142,Luník
827207,Terasa
827274,Čermeľ
827312,Severné Mesto
827339,Furča
827347,Košická Nová Ves
827380,Barca
827401,Pereš
827428,Myslava
827444,Kamenné
827452,Ťahanovce
827495,Poľov
827509,Šaca
827606,Košická Belá
827622,Košická Polianka
827631,Nižný Olčvár
827649,Vyšný Olčvár
827673,Košický Klečenov
827681,Koškovce
827690,Košolná
827711,Košťany nad Turcom
827720,Košúty
827746,Kotešová
827762,Kotrčiná Lúčka
827771,Kováčová
827797,Kováčová
827801,Kováčovce
827827,Koválov
827835,Koválovec
827843,Kovarce
827860,Kozárovce
827878,Kozelník
827886,Kozí Vrbovok
827894,Kožany
827908,Kožuchov
827916,Kožuchovce
827924,Kračúnovce
827932,Krahule
827941,Krajná Bystrá
827959,Krajná Poľana
827967,Krajná Porúbka
827975,Krajné
828041,Krajné Čierno
828050,Krakovany
828068,Stráže
828076,Kráľ
828084,Králiky
828106,Kráľov Brod
828157,Kráľová
828173,Kráľova Lehota
828190,Kráľová nad Váhom
828203,Kráľová pri Senci
828211,Krmeš
828220,Kraľovany
828238,Kráľovce
828246,Kráľovce
828254,Krnišov
828262,Etreho Kračany
828271,Jastrabie Kračany
828289,Kľučiarove Kračany
828297,Kráľovičove Kračany
828301,Lesné Kračany
828360,Kráľovský Chlmec
828378,Kraskovo
828386,Krásna Hôrka
828394,Krásna Lúka
828416,Krásna
828432,Krásna Ves
828459,Krasňany
828467,Krásno
828483,Krásno nad Kysucou
828700,Krásnohorská Dlhá Lúka
828734,Krásnohorské Podhradie
828751,Krásnovce
828769,Krásny Brod
828785,Rokytovce
828807,Kravany
828815,Kravany
828823,Kravany nad Dunajom
828858,Krčava
828874,Kremná
828882,Kremnica
829021,Kremnické Bane
829030,Kristy
829048,Krišľovce
829056,Krišovská Liesková
829072,Krivá
829081,Korytárky
829099,Kriváň
829137,Krivany
829145,Krivé
829153,Krivoklát
829161,Krivosúd-Bodovka
829170,Kríže
829196,Krížová Ves
829200,Krížovany
829218,Križovany nad Dudváhom
829226,Krná
829269,Krnča
829277,Krokava
829307,Krompachy
829412,Krpeľany
829447,Malé Krškany
829455,Veľké Krškany
829471,Krtovce
829498,Krupina
829587,Krušetnica
829595,Krušinec
829609,Dolné Chlebany
829617,Krušovce
829625,Kružlov
829641,Kružlová
829650,Kružná
829676,Kružno
829692,Kšinná
829714,Kubáňovo
829722,Kubrá
829731,Kubrica
829757,Kučín
829765,Kučín nad Ondavou
829773,Kuchyňa
829781,Kuklov
829790,Kuková
829811,Kukučínov
829820,Malý Pesek
829838,Kunerad
829854,Kunešov
829862,Kunov
829897,Kunova Teplica
829901,Kuraľany
829919,Kurima
829927,Kurimany
829935,Kurimka
829943,Kurov
829951,Kusín
829960,Blažov
829978,Čenkesfa
829986,Heďbeneéte
830003,Lidér Tejed
830011,Pódafa
830020,Töböréte
830038,Kúty
830054,Kuzmice
830089,Kuzmice
830097,Dlhá Lúka
830101,Kvačany
830119,Kvačany
830127,Kvakovce
830151,Kvašov
830178,Keť
830208,Kvetoslavov
830232,Kyjatice
830241,Kyjov
830259,Kysak
830275,Kysta
830283,Kysucké Nové Mesto
830381,Kysucký Lieskovec
830399,Láb
830429,Lackov
830437,Lacková
830445,Lackovce
830453,Lačnov
830461,Lada
830488,Ladce
830496,Ladice
830500,Ladmovce
830518,Ladomer
830526,Ladomirov
830542,Ladomirová
830551,Ladzany
830577,Lakšárska Nová Ves
830585,Mikulášov
830615,Lančár
830623,Malý Lapáš
830631,Veľký Lapáš
830640,Lascov
830658,Laskár
830666,Lastomír
830682,Lastovce
830704,Laškovce
830747,Látky
830879,Lazany
830887,Lazany
830895,Lazisko
830917,Dubková
830950,Lazy pod Makytou
831042,Lažany
831051,Lednica
831077,Lednické Rovne
831085,Legnava
831107,Malý Lég
831115,Masníkovo
831123,Sása
831131,Veľký Lég
831140,Lehota
831158,Rimavská Lehota
831166,Rimavica
831191,Lehota pod Vtáčnikom
831204,Lehôtka
831212,Lehôtka pod Brehmi
831239,Lechnica
831247,Lekárovce
831255,Leľa
831263,Kapoňa
831271,Leles
831298,Chabžany
831301,Lemešany
831328,Lenartov
831336,Lenartovce
831344,Lendak
831352,Lenka
831361,Lentvora
831379,Leopoldov
831395,Lesenice
831409,Lesíček
831417,Lesné
831425,Lesnica
831433,Lešť I
831441,Lažteky
831450,Podjavorie I
831468,Vidov Vrch
831484,Leštiny
831514,Letanovce
831522,Letničie
831646,Levice
831841,Levkuška
831859,Levoča
831972,Ležiachov
831981,Libichava
831999,Licince
832006,Ličartovce
832022,Liesek
832031,Lieskovany
832057,Lieskovec
832065,Lieskovec
832073,Liešno
832081,Dobročná
832090,Liešťany
832103,Lomnica
832111,Lietava
832138,Lietavská Lúčka
832146,Porúbka
832162,Lietavská Svinná
832171,Likavka
832189,Limbach
832219,Lipany
832235,Lipník
832243,Mlynský Sek
832251,Ondrochov
832260,Lipová
832286,Lipovany
832294,Lipovce
832324,Lipové
832341,Lipovec
832359,Lipovec
832367,Lipovník
832383,Lipovník
832391,Liptovská Anna
832405,Liptovská Kokava
832413,Liptovská Lúžna
832430,Liptovská Osada
832448,Liptovská Porúbka
832472,Liptovská Sielnica
832481,Parížovce
832499,Liptovská Mara
832502,Liptovská Štiavnica
832511,Liptovská Teplá
832529,Madočany
832537,Liptovská Teplička
832545,Liptovské Beharovce
832553,Liptovské Kľačany
832561,Liptovské Matiašovce
832596,Liptovské Revúce
832618,Liptovský Hrádok
832677,Liptovský Ján
832693,Liptovský Michal
832707,Liptovský Mikuláš
832766,Palúdzka
832782,Liptovská Ondrašová
832839,Liptovský Ondrej
832855,Liptovský Peter
832863,Liptovský Trnovec
832871,Lisková
832880,Lišov
832928,Litava
832944,Litmanová
832952,Livinské Opatovce
832961,Livov
832979,Livovská Huta
832987,Lodno
833002,Lok
833011,Lokca
833045,Lom nad Rimavicou
833053,Lomná
833061,Lomné
833088,Lomnička
833096,Lontov
833100,Lopašov
833118,Lopúchov
833126,Lopušné Pažite
833134,Lorinčík
833142,Lošonec
833151,Lovce
833169,Lovča
833177,Lovčica
833185,Dolné Lovčice
833193,Horné Lovčice
833215,Lovinobaňa
833231,Lozorno
833240,Ložín
833258,Ľubá
833266,Kráľovská Ľubeľa
833274,Zemianska Ľubeľa
833291,Lubeník
833312,Ľubica
833339,Ľubietová
833398,Lubina
833495,Ľubiša
833509,Ľubochňa
833533,Ľuborča
833541,Ľuboreč
833568,Ľuboriečka
833584,Ľubotice
833606,Ľubotín
833614,Ľubovec
833622,Ruské Pekľany
833631,Malá Lúč
833649,Veľká Lúč
833657,Lučatín
833673,Lučenec
833754,Opatová
833797,Mikušovce
833924,Lúčina
833959,Lučivná
833967,Lúčka
833975,Lúčka
833991,Lúčka
834009,Lúčka
834017,Lúčky
834033,Lúčky
834041,Lúčky
834050,Martinová
834068,Vajka nad Žitavou
834076,Ludanice
834084,Ludrová
834092,Luhyňa
834106,Lúka
834114,Lukáčovce
834122,Lukačovce
834131,Lukavica
834149,Lukavica
834165,Lukov
834173,Venécia
834181,Lukové
834203,Lukovištia
834211,Lúky
834238,Lula
834254,Lupoč
834262,Lutila
834289,Ľutina
834319,Lutiše
834360,Ľutov
834378,Lužany
834386,Lužany pri Topli
834408,Lužianky
834416,Lysá nad Dunajcom
834483,Lysá pod Makytou
834581,Lysica
834599,Macov
834602,Mačov
834637,Madačka
834670,Madunice
834696,Kopráš
834700,Mníšany
834718,Machulince
834726,Majcichov
834734,Majere
834742,Majerovce
834858,Makov
834955,Makovce
834963,Malá Čalomija
834971,Malá Čausa
834980,Malá Čierna
834998,Malá Domaša
835005,Malá Franková
835021,Malá Hradná
835030,Malá Ida
835102,Malá Lehota
835137,Malá Lodina
835161,Malá Mača
835170,Malá nad Hronom
835188,Malá Poľana
835196,Malacky
835382,Málaš
835391,Malatiná
835412,Malatíny
835447,Malcov
835455,Hradištská Moľva
835463,Malčice
835471,Malé Bedzany
835480,Malé Bielice
835498,Malé Borové
835510,Malé Hoste
835528,Malé Chlievany
835536,Malé Chyndice
835544,Malé Kosihy
835552,Malé Košecké Podhradie
835587,Malé Kozmálovce
835595,Malé Kršteňany
835617,Malé Lednice
835625,Malé Leváre
835633,Malé Ludince
835641,Malé Orvište
835650,Malé Ozorovce
835668,Malé Raškovce
835676,Malé Ripňany
835684,Malé Stankovce
835692,Malé Straciny
835706,Malé Trakany
835714,Malé Uherce
835722,Malé Vozokany
835749,Malé Zálužie
835757,Malé Zlievce
835773,Málinec
835790,Malinová
835803,Malinovo
835811,Patov
835820,Malužiná
835846,Malý Čepčín
835854,Malý Horeš
835862,Malý Kamenec
835871,Malý Kiar
835889,Malý Krtíš
835897,Malý Lipník
835901,Malý Slavkov
835919,Malý Slivník
835943,Malý Šariš
835960,Malženice
835994,Malá Maňa
836001,Veľká Maňa
836010,Mankovce
836028,Krátke Kesy
836036,Marcelová
836044,Margecany
836052,Rolova Huta
836061,Marhaň
836079,Marianka
836087,Markovce
836095,Markuška
836125,Markušovce
836141,Maršová
836168,Martin
836273,Tomčany
836320,Martin nad Žitavou
836338,Martinček
836346,Martinová
836354,Martovce
836362,Mašková
836371,Matejovce
836389,Matejovce nad Hornádom
836397,Matiaška
836401,Matiašovce
836427,Matovce
836435,Kapušianske Vojkovce
836443,Maťovce
836451,Matúškovo
836478,Matysová
836486,Medovarce
836494,Medvecké
836508,Medveďov
836516,Medvedie
836524,Medzany
836567,Medzev
836583,Vyšný Medzev
836591,Medzianky
836605,Medzibrod
836613,Medzibrodie nad Oravou
836621,Medzilaborce
836630,Vydraň
836664,Melčice
836672,Melek
836681,Meliata
836702,Mengusovce
836711,Štôla
836729,Merašice
836737,Merník
836753,Mestečko
836761,Mestisko
836770,Mičakovce
836788,Mierovo
836796,Miezgovce
836800,Michajlov
836826,Michal na Ostrove
836834,Michal nad Žitavou
836842,Michaľany
836877,Michalková
836893,Michalok
836907,Michalová
836915,Michalovce
837075,Stráňany
837156,Vrbovec
837318,Močarany
837431,Topoľany
837504,Miklušovce
837512,Miková
837521,Mikulášová
837539,Mikušovce pri Pruskom
837547,Veľký Kýr
837563,Milhostov
837571,Milochov
837628,Miloslavov
837636,Milpoš
837644,Miňovce
837661,Mirkovce
837687,Miroľa
837695,Mládzovo
837709,Bučuháza
837717,Kráľovianky
837725,Mliečno
837741,Mlynárovce
837750,Mlynčeky
837784,Mlynica
837814,Mlynky
837873,Mníchova Lehota
837890,Mníšek nad Hnilcom
837920,Mníšek nad Popradom
837938,Pilhov
837954,Moča
837989,Močiar
838004,Močidľany
838039,Modra
838063,Modra nad Cirochou
838071,Modranka
838080,Modrany
838098,Modrová
838101,Modrovka
838128,Modrý Kameň
838152,Mochovce
838161,Mojín
838179,Mojmírovce
838187,Mojš
838195,Mojšova Lúčka
838217,Mojtín
838225,Mojzesovo
838233,Mokrá Lúka
838241,Mokraď
838250,Mokradská Hoľa
838268,Mokrance
838276,Mokroluh
838284,Mokrý Háj
838306,Môlča
838322,Moldava nad Bodvou
838411,Moravany
838420,Moravany nad Váhom
838454,Moravské Lieskové
838489,Moravský Svätý Ján
838501,Morovno
838519,Studené
838527,Most pri Bratislave
838535,Mostište
838543,Mostová
838551,Šoriakoš
838560,Moškovec
838578,Mošovce
838586,Moštenica
838594,Mošurov
838608,Dolné Motešice
838616,Horné Motešice
838659,Motyčky
838683,Mrázovce
838691,Mučín
838721,Mudroňovo
838730,Mudrovce
838756,Muľa
838764,Muľka
838772,Muráň
838799,Muránska Dlhá Lúka
838802,Muránska Huta
838811,Muránska Lehota
838829,Muránska Zdychava
838837,Mútne
838896,Mužla
838926,Myjava
839019,Grinava
839027,Myslina
839108,Mýtna
839124,Mýtna Nová Ves
839141,Mýtne Ludany
839159,Bystrá
839175,Mýto pod Ďumbierom
839205,Nacina Ves
839221,Livina
839230,Nadlice
839248,Ňagov
839256,Naháč
839299,Nálepkovo
839345,Námestovo
839353,Slanica
839361,Námestovské Pilsko
839370,Nandraž
839388,Návojovce
839400,Necpaly
839418,Nedanovce
839426,Nedašovce
839434,Neded
839442,Nededza
839451,Nedelište
839469,Brezany
839477,Nedožery
839485,Nechválova Polianka
839493,Nemcovce
839507,Nemcovce
839558,Nemčice
839566,Nemčiňany
839574,Rohožnica
839591,Nemecká
839612,Nemečky
839621,Nemešany
839639,Nemšová
839655,Nenince
839663,Bošianska Neporadza
839671,Rožňová Neporadza
839680,Neporadza
839728,Nesluša
839817,Nesvady
839833,Neverice
839841,Nevidzany
839850,Nevidzany
839868,Nevoľné
839884,Nimnica
839914,Nitra
840076,Horné Krškany
840165,Párovské Háje
840203,Kynek
840254,Mlynárce
840319,Zobor
840378,Chrenová
840564,Mikov dvor
840572,Nitra nad Ipľom
840581,Čechynce
840599,Malý Cetín
840602,Nitrianska Blatnica
840611,Nitrianska Streda
840653,Nitrianske Hrnčiarovce
840670,Nitrianske Pravno
840688,Solka
840696,Vyšehradné
840700,Nitrianske Rudno
840726,Nitrianske Sučany
840734,Nitriansky Hrádok
840742,Dvorníky nad Nitricou
840751,Račice
840769,Nižná
840777,Nižná
840785,Nižná Boca
840793,Nižná Hutka
840807,Nižná Jablonka
840815,Nižná Jedľová
840823,Nižná Kamenica
840840,Nižná Myšľa
840858,Nižná Olšava
840866,Nižná Pisaná
840874,Nižná Pokoradz
840882,Nižná Polianka
840891,Nižná Rybnica
840904,Nižná Sitnica
840912,Nižná Slaná
840955,Nižná Šebastová
840963,Nižná Šuňava
840971,Nižná Voľa
840980,Nižné Ladičkovce
840998,Nižné Nemecké
841021,Nižné Raslavice
841030,Nižné Repaše
841048,Nižné Ružbachy
841056,Nižné Valice
841064,Nižný Čaj
841072,Nižný Hrabovec
841099,Nižný Hrušov
841129,Nižný Klátov
841137,Nižný Komárnik
841145,Nižný Kručov
841153,Nižný Lánec
841161,Nižný Mirošov
841170,Nižný Orlík
841188,Nižný Slavkov
841196,Nižný Tvarožec
841200,Nižný Žipov
841218,Nolčovo
841226,Norovce
841234,Nosice
841251,Nová Baňa
841447,Nová Bašta
841455,Hosťovce
841463,Chorváty
841471,Turnianska Nová Ves
841501,Nová Bošáca
841633,Nová Bystrica
841706,Opatová
841722,Tekovská Nová Ves
841731,Dedinka pri Dunaji
841749,Nová Ves pri Dunaji
841757,Nová Dubnica
841765,Nová Kelča
841781,Nová Lehota
841803,Nová Lehota
841820,Nová Lesná
841838,Nová Lipnica
841846,Nová Ľubovňa
841854,Nová Polhora
841862,Nová Polianka
841871,Nová Sedlica
841901,Nová Stráž
841927,Nová Ves
841935,Nová Ves nad Váhom
841943,Nová Ves nad Žitavou
841960,Nová Vieska
841978,Nováčany
842001,Nováky
842010,Nové Hony
842036,Nové Košariská
842044,Nové Mesto nad Váhom
842265,Nové Osady
842311,Nové Sady
842320,Nové Zámky
842851,Novosad
842877,Novoť
842893,Malý Ruskov
842907,Veľký Ruskov
842915,Nový Salaš
842923,Marušová
842931,Nový Tekov
842958,Eliášovce
842966,Malý Máger
842974,Tonkovce
842991,Vojtechovce
843016,Nýrovce
843024,Obeckov
843032,Obid
843041,Obišovce
843059,Kucany
843067,Oborín
843075,Obručné
843083,Obsolovce
843091,Obyce
843105,Očkov
843156,Očová
843164,Odorín
843172,Ohrady
843199,Ohradzany
843202,Sopkovce
843229,Ochodnica
843261,Ochtiná
843300,Okoč
843342,Okoličná na Ostrove
843385,Okoličné
843415,Okrúhle
843423,Šapinec
843431,Okružná
843466,Olcnava
843482,Oľdza
843504,Olejníkov
843610,Olešná
843644,Burkov vrch
843661,Krivá Oľka
843679,Nižná Oľka
843687,Olováry
843695,Oľšavce
843709,Oľšavica
843725,Oľšavka
843733,Oľšavka
843741,Oľšinkov
843750,Oľšov
843768,Olšovany
843776,Omastiná
843792,Omšenie
843806,Ondavka
843814,Ondavské Matiašovce
843822,Ondrašová
843831,Ondrašovce
843849,Ondrejovce
843857,Opátka
843865,Opatová
843873,Opatovce
843881,Opatovce nad Nitrou
843903,Opatovská Nová Ves
843946,Opatovský Sokolec
843962,Opava
843997,Opiná
844004,Opoj
844012,Oponice
844021,Oravce
844039,Orávka
844047,Oravská Jasenica
844110,Oravská Lesná
844128,Oravská Polhora
844144,Poruba-Geceľ
844152,Zábrež
844179,Oravské Veselé
844195,Oravský Biely Potok
844209,Oravský Podzámok
844225,Ordzovany
844241,Orechová
844250,Dolná Potôň
844268,Orechová Potôň
844276,Blatná lúka
844284,Vieska
844314,Oreské
844322,Oreské
844331,Orešany
844349,Orkucany
844365,Orlov
844373,Orlové
844411,Orovnica
844420,Ortuťová
844438,Osádka
844446,Osadné
844454,Osikov
844489,Osľany
844519,Osrblie
844527,Ostrá Lúka
844543,Malé Ostratice
844560,Veľké Ostratice
844578,Ostrov
844586,Ostrov
844608,Ostrovany
844616,Ostrožnica
844624,Ostrý Grúň
844641,Osturňa
844659,Osuské
844748,Oščadnica
844811,Oškerda
844829,Otročok
844837,Ovčiarsko
844845,Ovčie
844853,Ozdín
844918,Ožďany
844926,Pác
844934,Pača
844942,Padáň
844969,Padarovce
844977,Paderovce
844985,Pakostov
845027,Palárikovo
845230,Palín
845248,Sap
845256,Palota
845272,Paňa
845299,Panické Dravce
845302,Paňovce
845311,Papín
845337,Papradno
845361,Parchovany
845370,Parihuzovce
845388,Párnica
845400,Partizánska Ľupča
845426,Partizánske
845566,Pastovce
845591,Pastuchov
845612,Pataš
845639,Pašková
845647,Paština Závada
845655,Pata
845663,Patince
845671,Pavčina Lehota
845680,Pavľany
845698,Pavlice
845701,Pavlová
845710,Pavlova Ves
845728,Babky
845736,Pavlovce
845744,Pavlovce
845787,Pavlovce nad Uhom
845809,Pažiť
845817,Pčoliné
845825,Pečeňady
845833,Pečeňany
845841,Pečenice
845876,Pečovská Nová Ves
845884,Peder
845892,Peklina
845914,Chym
845922,Perín
845931,Pernek
845949,Petkovce
845957,Peťovka
845965,Petrikovce
845981,Petrová
845990,Petrova Lehota
846007,Petrova Ves
846040,Močarmany
846058,Petrovany
846074,Petrovce
846082,Petrovce
846091,Petrovce
846112,Petrovce nad Laborcom
846121,Petrovice
846147,Setechov
846155,Petrovo
846163,Pezinok
846309,Piešťany
846546,Pichne
846554,Píla
846619,Píla
846651,Píla
846660,Pinciná
846678,Pinkovce
846686,Piskorovce
846724,Pitelová
846759,Plášťovce
846767,Plavé Vozokany
846775,Plavecké Podhradie
846791,Plavecký Mikuláš
846805,Plavecký Peter
846813,Plavecký Štvrtok
846821,Feld
846848,Plaveč
846872,Plavnica
846881,Plechotice
846899,Pleš
846902,Svätuše
846929,Plešivec
846945,Plevník-Drienové
846988,Pliešovce
847020,Ploské
847046,Ploské
847054,Ploštín
847062,Pobedim
847071,Počarová
847089,Počúvadlo
847101,Podbiel
847178,Podbranč
847216,Podbrezová
847241,Belek
847259,Svätuša
847267,Bádice
847275,Mechenice
847283,Sokolníky
847305,Podhorany
847313,Podhorany
847330,Teplá
847348,Žakýl
847356,Podhorie
847364,Podhoroď
847372,Podhradie
847381,Podhradie nad Váhom
847399,Podhradie
847402,Podhradík
847411,Podkonice
847500,Podkriváň
847526,Podkylava
847577,Podlužany
847585,Podlužany
847615,Podmanín
847640,Podolie
847674,Podolínec
847682,Podrečany
847712,Podskalie
847721,Podtureň
847755,Podunajské Biskupice
847763,Podvažie
847771,Podvysoká
847780,Podzámčok
847798,Pohorelá
847810,Pohranice
847828,Pohronská Polhora
847836,Pohronský Bukovec
847844,Pohronský Ruskov
847852,Pochabany
847861,Pokryváč
847879,Korytné
847887,Poľanovce
847895,Poľany
847909,Polerieka
847917,Poliakovce
847950,Polianka
847968,Polichno
847984,Polina
848018,Poľný Kesov
848026,Polom
848034,Poloma
848051,Polomka
848077,Poltár
848093,Slaná Lehota
848107,Zelené
848115,Poluvsie
848123,Poluvsie nad Rajčankou
848131,Pongrácovce
848158,Poniky
848174,Poprad
848221,Spišská Sobota
848298,Stráže pod Tatrami
848417,Veľká
848484,Poproč
848506,Poproč
848522,Močidľany
848531,Popudiny
848557,Poráč
848590,Poriadie
848620,Porostov
848638,Poruba
848646,Poruba pod Vihorlatom
848654,Porúbka
848662,Porúbka
848671,Porúbka
848689,Posádka
848697,Poša
848701,Potôčky
848719,Potok
848727,Potok
848735,Potoky
848751,Pôtor
848786,Žihľava
848794,Potvorice
848808,Považany
848832,Považská Bystrica
849006,Považská Teplá
849022,Považské Podhradie
849031,Považský Chlmec
849057,Povina
849073,Povrazník
849090,Pozba
849103,Pozdišovce
849111,Praha
849120,Prakovce
849171,Prašice
849251,Prašník
849294,Pravenec
849324,Pravica
849332,Pravotice
849367,Praznov
849375,Práznovce
849391,Prečín
849413,Predajná
849421,Predmier
849430,Prejta
849448,Prenčov
849464,Preseľany
849472,Preseľany nad Ipľom
849499,Prestavlky
849502,Prešov
849634,Dolné Príbelce
849642,Horné Príbelce
849677,Pribeník
849707,Pribeta
849715,Pribiš
849723,Príboj
849731,Príbovce
849774,Pribylina
849782,Priechod
849839,Priekopa
849847,Priekopa
849901,Priepasné
849987,Prietrž
850012,Prietržka
850021,Prievaly
850063,Prievidza
850187,Malá Lehôtka
850195,Hradec
850225,Prihradzany
850233,Príkra
850241,Príslop
850250,Prituľany
850268,Proč
850276,Prochot
850284,Prosačov
850292,Prosiek
850314,Prosné
850322,Prša
850331,Pruské
850357,Prusy
850390,Pružina
850403,Psiare
850411,Pstriná
850420,Pšurnovice
850438,Ptičie
850446,Ptrukša
850454,Pucov
850462,Púchov
850501,Horné Kočkovce
850560,Vieska-Bezdedov
850675,Pukanec
850683,Pusté Čemerné
850691,Pusté Pole
850705,Pusté Sady
850730,Pusté Úľany
850748,Pušovce
850772,Rabča
850811,Rabčice
850845,Rad
850861,Radatice
850870,Radava
850896,Radimov
850900,Radnovce
850942,Radobica
850977,Radoľa
850993,Radoma
851027,Radôstka
851078,Radošina
851094,Radošovce
851116,Radošovce
851132,Radvaň nad Dunajom
851141,Virt
851167,Radvaň nad Laborcom
851175,Radvanovce
851191,Radzovce
851205,Rafajovce
851213,Rajčany
851221,Rajec
851230,Rajecká Lesná
851256,Rajecké Teplice
851272,Rákoš
851281,Rákoš
851388,Raková
851515,Rakovčík
851523,Rakovec nad Ondavou
851531,Rakovice
851558,Rakovnica
851574,Rakovo
851582,Rakša
851612,Rakúsy
851639,Rankovce
851655,Rapovce
851680,Rastislavice
851698,Rašice
851728,Ratka
851752,Ratková
851761,Repištia
851779,Ratkovce
851787,Ratkovo
851795,Ratkovská Lehota
851809,Sása
851817,Ratkovská Suchá
851825,Filier
851833,Ratkovské Bystré
851841,Ratnovce
851850,Ratvaj
851868,Ráztočno
851884,Ráztoka
851892,Ráztoky
851914,Ražňany
851922,Nový Svet
851931,Reca
851949,Regetovka
851965,Rejdová
851973,Reľov
851981,Remeniny
851990,Remetské Hámre
852007,Renčišov
852015,Repejov
852031,Repište
852058,Rešica
852066,Rešov
852091,Revištské Podzámčie
852104,Revúca
852210,Revúcka Lehota
852228,Revúčka
852236,Riečka
852244,Riečka
852325,Riečnica
852350,Richnava
852376,Richvald
852384,Rimavská Baňa
852406,Rimavská Píla
852414,Rimavská Seč
852422,Rimavská Sobota
852473,Tomášová
852597,Rimavské Brezovo
852635,Rimavské Janovce
852643,Príboj
852651,Rimavské Zalužany
852660,Rišňovce
852678,Rohovce
852694,Rohov
852708,Rybky
852716,Rohožník
852724,Rohožník
852732,Rochovce
852741,Rokycany
852759,Rokytov
852767,Rosina
852775,Roškovce
852791,Roštár
852805,Rovensko
852813,Rovinka
852821,Rovňany
852830,Ratkovská Zdychava
852848,Rovné
852856,Rovné
852864,Rovné
852881,Rozbehy
852899,Rozhanovce
852902,Rozložná
852911,Roztoky
852929,Rozvadze
852937,Rožkovany
852945,Rožňava
853151,Nadabula
853178,Čučma
853275,Rožňavské Bystré
853283,Rúbaň
853291,Rudina
853305,Rudinka
853356,Rudinská
853381,Rudlov
853402,Rudná
853411,Rudňany
853437,Rudnianska Lehota
853461,Rudník
853518,Rudník
853526,Rudno
853534,Rudno nad Hronom
853542,Rumanová
853569,Rumince
853577,Runina
853585,Budince
853593,Ruská
853607,Ruská Bystrá
853615,Ruská Kajňa
853623,Ruská Nová Ves
853631,Ruská Poruba
853640,Ruská Voľa
853658,Ruská Voľa nad Popradom
853666,Ruská Volová
853674,Ruské
853691,Ruskov
853704,Ruskovce
853721,Ruskovce
853739,Ruský Hrabovec
853747,Vyšný Kazimír
853755,Kručov
853763,Ruský Potok
853771,Rusovce
853780,Ružiná
853798,Ružindol
853801,Ružomberok
854140,Rybany
854158,Rybník
854166,Brusník
854182,Rybník nad Turcom
854191,Dolné Rykynčice
854204,Horné Rykynčice
854212,Sabinov
854298,Zálesie
854301,Sačurov
854310,Sádočné
854328,Byster
854344,Zdoba
854352,Salka
854361,Sampor
854379,Malinovec
854387,Santovka
854417,Sása
854425,Sasinkovo
854450,Sazdice
854468,Bečov
854476,Sebedín
854492,Sebedražie
854506,Sebechleby
854514,Seč
854522,Sečianky
854531,Sečovce
854697,Sečovská Polianka
854701,Sedliacka Dubová
854719,Sedlice
854727,Suchá Dolina
854735,Sedličná
854743,Sedliská
854751,Sedmerovec
854760,Sejkov
854778,Sekule
854786,Seľany
854794,Selce
854808,Selce
854816,Selce
854832,Selce
854841,Selec
854875,Selice
854883,Šók
854913,Semerovo
854921,Seňa
854964,Senec
854972,Seniakovce
855006,Senica
855162,Senné
855171,Senné
855201,Senohrad
855235,Dolný Čepeň
855251,Sereď
855316,Stredný Čepeň
855375,Horný Čepeň
855391,Sielnica
855405,Sihelné
855413,Sihla
855448,Trhyňa
855456,Veľký Pesek
855464,Sikenička
855472,Siladice
855499,Silica
855502,Silická Brezová
855511,Silická Jablonica
855545,Sirk
855570,Sirník
855588,Sitnianska Lehôtka
855596,Skačany
855600,Skala
855618,Skalica
855774,Skalité
855782,Skalská Nová Ves
855791,Skároš
855804,Skerešovo
855812,Sklabiňa
855839,Sklabiná
855847,Sklabinský Podzámok
855863,Sklené
855871,Sklené Teplice
855898,Skrabské
855901,Skýcov
855936,Močenok
855961,Sládkovičovo
855987,Slančík
856002,Slanec
856011,Slanská Huta
856037,Slanské Nové Mesto
856045,Slaská
856053,Slatina
856070,Slatina nad Bebravou
856088,Slatinka
856096,Slatinka nad Bebravou
856142,Slatinské Lazy
856169,Slatvina
856177,Slavec
856185,Vidová
856193,Slavkovce
856215,Slavnica
856231,Slavoška
856258,Slavošovce
856266,Dolné Sľažany
856274,Horné Sľažany
856282,Slepčany
856291,Hájniky
856304,Rybáre
856410,Liptovské Sliače
856444,Sliepkovce
856452,Slivník
856461,Slizké
856479,Slopná
856487,Slovany
856495,Slovenská Kajňa
856525,Slovenská Ľupča
856541,Slovenská Nová Ves
856550,Slovenská Ves
856568,Gruzovce
856576,Slovenská Volová
856592,Slovenské Ďarmoty
856606,Slovenské Kľačany
856614,Slovenské Krivé
856631,Slovenské Nové Mesto
856649,Slovenské Pravno
856657,Slovenský Grob
856665,Nižné Slovinky
856681,Vyšné Slovinky
856703,Smilno
856754,Smižany
856771,Smolenice
856789,Smolenická Nová Ves
856801,Smolinské
856819,Smolnícka Huta
856835,Smolník nad Cirochou
856851,Smolník
856878,Smrdáky
856886,Smrečany
856894,Snakov
856908,Snežnica
856941,Snina
857106,Soblahov
857114,Soboš
857165,Sobotište
857190,Sobrance
857203,Socovce
857220,Sokoľ
857238,Sokolce-Turi
857246,Sokolce-Lak
857254,Sokolče
857262,Sokolovce
857271,Soľ
857289,Solčany
857297,Solčianky
857301,Solivar
857319,Soľnička
857327,Soľník
857335,Sološnica
857343,Nová Vieska pri Bodrogu
857351,Somotor
857360,Véč
858064,Stará Lehota
858081,Stará Lesná
858099,Stará Ľubovňa
858196,Stará Myjava
858251,Stará Turá
858366,Stará Voda
858374,Staré
858447,Staré Hory
858455,Turecká
858471,Starina nad Cirochou
858480,Starina
858498,Starňa
858501,Starý Hrádok
858544,Starý Smokovec
858579,Starý Tekov
858633,Staškov
858676,Staškovce
858684,Stebnícka Huta
858692,Stebník
858757,Stožok
858765,Stráňany
858781,Stráňavy
858803,Stráne pod Tatrami
858811,Stránska
858838,Stránske
858854,Stratená
858862,Stráža
858871,Strážky
858889,Strážne
858897,Strážov
858935,Strážske
858943,Strečno
858960,Klin nad Bodrogom
858978,Streda nad Bodrogom
859001,Stredné Plachtince
859028,Strekov
859044,Strelnice
859052,Strelníky
859061,Stretava
859079,Stretavka
859095,Streženice
859117,Strihovce
859125,Stročín
859133,Stropkov
859249,Bokša
859281,Studená
859290,Studenec
859303,Studienka
859311,Stuľany
859320,Mást I
859338,Stupava
859346,Mást II
859354,Mást III
859362,Stupné
859371,Sučany
859389,Sudince
859397,Súdovce
859401,Suchá Hora
859435,Suchá nad Parnou
859478,Sucháň
859494,Suché
859508,Suché Brezovo
859524,Suchohrad
859532,Sukov
859541,Malý Sulín
859559,Veľký Sulín
859583,Súľov-Hradná
859591,Súlovce
859613,Sušany
859621,Sútor
859630,Svätoplukovo
859648,Svätuš
859656,Svätý Kríž
859681,Svederník
859702,Sverepec
859711,Sveržov
859729,Svetlice
859737,Svidnička
859745,Svidník
859851,Svinia
859877,Svinica
859885,Svinice
859907,Svinná
859923,Svit
859940,Maďarský Svodín
859966,Svodov
859974,Svrbice
860018,Svrčinovec
860123,Tornaľa
860131,Železné
860158,Šahy
860174,Šajdíkove Humence
860182,Šaľa
860301,Šalgočka
860310,Šalgovce
860328,Šalgovík
860344,Šalov
860361,Šambron
860379,Čilistov
860387,Šamorín
860417,Šamudovce
860433,Šandal
860441,Šarbov
860468,Lipníky
860476,Šarišská Poruba
860484,Šarišská Trstená
860492,Šarišské Bohdanovce
860506,Šarišské Čierne
860514,Šarišské Dravce
860522,Šarišské Jastrabie
860549,Šarišské Lužianky
860557,Šarišské Michaľany
860565,Šarišské Sokolovce
860573,Šarišský Štiavnik
860581,Šarkan
860603,Malé Šarovce
860611,Veľké Šarovce
860620,Veselá
860638,Šašová
860654,Šášovské Podhradie
860671,Stráže nad Myjavou
860689,Šaštín
860697,Šávoľ
860701,Šebastovce
860719,Šebešťanová
860735,Šelpice
860743,Šemetkovce
860751,Šemša
860760,Malé Šenkvice
860778,Veľké Šenkvice
860786,Šiatorská Bukovinka
860816,Šiba
860824,Šíd
860832,Šimonovce
860841,Šindliar
860859,Šintava
860867,Horné Šipice
860875,Dolné Šipice
860883,Šípkov
860905,Šípkové
860913,Širákov
860921,Širkovce
860948,Široké
860972,Šišov
860981,Šivetice
860999,Šmigovec
861006,Šoltýska
861014,Šoporňa
861049,Špačince
861057,Špania Dolina
861065,Španie Pole
861073,Šrobárová
861081,Štefanov
861090,Dolný Štefanov
861103,Horný Štefanov
861111,Štefanová
861120,Štefanovce
861138,Štefanovce
861162,Štefanovičová
861171,Štefurov
861189,Šterusy
861197,Štiavnické Bane
861201,Štiavnička
861324,Štiavnik
861341,Štítnik
861359,Štós
861375,Štrba
861405,Štrbské Pleso
861421,Štrkovec
861545,Nána
861553,Štúrovo
861782,Štvrtok
861791,Štvrtok na Ostrove
861804,Šuja
861812,Šuľa
861847,Šulekovo
861871,Šumiac
861898,Šurany
862231,Šurianky
862258,Šurice
862266,Valtov Šúr
862274,Veľké Šúrovce I
862282,Zemianske Šúrovce
862291,Veľké Šúrovce II
862304,Horné Šútovce
862312,Dolné Šútovce
862347,Šútovo
862371,Švábovce
862401,Švedlár
862436,Telgárt
862444,Švošov
862452,Tachty
862461,Tajná
862487,Tajov
862509,Ťapešovo
862517,Tarnov
862525,Tašuľa
862568,Tatranská Lomnica
862584,Tehla
862592,Tekolďany
862606,Tekovská Breznica
862614,Hulvinky
862622,Tekovské Lužany
862631,Tekovské Lužianky
862665,Tekovské Nemce
862673,Hontianske Trsťany
862681,Dolný Tekovský Hrádok
862690,Horný Tekovský Hrádok
862703,Telince
862711,Temeš
862720,Teplička
862738,Šafárka
862754,Teplička nad Váhom
862762,Tepličky
862771,Teplý Vrch
862789,Dolné Terany
862797,Horné Terany
863041,Terchová
863084,Teriakovce
863092,Terňa
863114,Tesáre
863122,Mlyňany
863149,Tesáre nad Žitavou
863157,Tešedíkovo
863165,Tešmák
863173,Tibava
863190,Tichý Potok
863203,Timoradza
863211,Tisinec
863220,Tisovec
863416,Tlmače
863424,Točnica
863432,Tokajík
863459,Tomášikovo
863475,Malý Madaras
863491,Tomášov
863505,Tomášovce
863513,Tomášovce
863521,Tôň
863530,Topoľa
863548,Topoľčany
863882,Topoľčianky
863912,Topoľnica
863921,Dolné Topoľníky
863939,Horné Topoľníky
863955,Ňárad
863971,Topoľovka
863998,Toporec
864005,Torysa
864021,Torysky
864030,Tovarné
864048,Tovarnianska Polianka
864056,Tovarníky
864064,Trakovice
864081,Trávnica
864099,Trávnik
864102,Trebatice
864137,Trebejov
864161,Trebeľovce
864170,Trebichava
864188,Trebišov
864315,Trebostovo
864323,Trebušovce
864358,Trenč
864374,Trenčianska Teplá
864391,Trenčianska Turná
864404,Trenčianske Bohuslavice
864412,Trenčianske Jastrabie
864421,Trenčianske Mitice
864455,Trenčianske Teplice
864528,Trenčín
864668,Trenčianske Biskupice
864714,Horné Mýto
864731,Trhová Hradská
864757,Trhovište
864765,Malá Tŕňa
864773,Veľká Tŕňa
864790,Trnava
865265,Trnavá Hora
865273,Trnava pri Laborci
865290,Trnávka
865303,Trnávka
865311,Budička
865338,Kašova Lehôtka
865346,Tŕnie
865354,Trnkov
865371,Trnové
865389,Trnovec
865397,Horný Jatov
865427,Trnovec nad Váhom
865435,Trnovo
865443,Tročany
865451,Trpín
865460,Trsťany
865478,Trstená
865486,Trstená na Ostrove
865494,Trstené
865508,Trstené pri Hornáde
865524,Trstice
865532,Tŕstie
865559,Trstín
865567,Trubín
865575,Tuhár
865583,Tuhrina
865605,Tuchyňa
865613,Tulčík
865630,Chorvatice
865648,Tupá
865656,Turá
865702,Turá Lúka
865788,Turany
865796,Turany nad Ondavou
865800,Vyšný Hrabovec
865818,Turcovce
865826,Dolný Turček
865834,Horný Turček
865842,Turčianky
865851,Turčianska Štiavnička
865869,Turčianske Kľačany
865877,Turčianske Teplice
865907,Turčiansky Ďur
865923,Turčiansky Michal
865931,Turčiansky Peter
865940,Turčok
865958,Tureň
865966,Zonc
865974,Turíčky
865982,Turie
865991,Turík
866008,Háj
866016,Turňa nad Bodvou
866024,Turová
866075,Turkov
866083,Turzovka
866121,Tušice
866130,Tušická Nová Ves
866148,Tužina
866156,Tvarožná
866164,Tvrdomestice
866172,Medvedzie
866181,Tvrdošín
866211,Tvrdošovce
866237,Ubľa
866245,Úbrež
866253,Udavské
866261,Uderiná
866270,Udiča
866318,Údol
866334,Uhliská
866342,Úhorná
866351,Uhorská Ves
866369,Vislavce
866377,Uhorské
866385,Látkovce
866393,Uhrovec
866407,Uhrovské Podhradie
866415,Újazd
866423,Uľanka
866431,Úľany nad Žitavou
866440,Ulič
866458,Uličské Krivé
866466,Uloža
866482,Uňatín
866491,Unín
866539,Urmince
866563,Ústie nad Priehradou
866571,Oravské Hámre
866580,Osada
866598,Uzovce
866628,Rakytník
866644,Uzovská Panica
866661,Uzovské Pekľany
866679,Uzovský Šalgov
866687,Vaďovce
866695,Vagrinec
866709,Váhovce
866717,Vajkovce
866725,Valaliky
866792,Valaská
867195,Valaská Belá
867233,Valaská Dubová
867250,Valča
867268,Valentová
867276,Valentovce
867284,Valkovce
867314,Vaľkovňa
867331,Vaľkovo
867349,Vaniškovce
867357,Vaňovka
867365,Vápeník
867373,Varadka
867381,Varechovce
867411,Varhaňovce
867438,Nezbudská Lúčka
867446,Varín
867462,Varov Šúr
867471,Vasiľov
867489,Vavrečka
867497,Vavrinec
867501,Vavrišovo
867527,Važec
867543,Včelince
867551,Večelkov
867578,Vechec
867586,Veľaty
867594,Velčice
867608,Revišné
867616,Veličná
867632,Veľká nad Ipľom
867641,Veľká Čalomija
867659,Veľká Čausa
867667,Veľká Čierna
867691,Veľká Dolina
867705,Veľká Franková
867713,Veľká Hradná
867748,Veľká Ida
867772,Veľká Lehota
867781,Veľká Lehôtka
867799,Veľká Lesná
867811,Veľká Lodina
867837,Veľká Lomnica
867845,Veľká Lúka
867853,Veľká Mača
867861,Čukárska Paka
867870,Malá Paka
867888,Veľká Paka
867896,Veľká Poľana
867900,Veľká Ves
867918,Veľká Ves nad Ipľom
867926,Veľké Bedzany
867934,Veľké Bielice
867942,Veľké Bierovce
867951,Veľké Blahovo
867969,Veľké Borové
867977,Veľké Dravce
867985,Veľké Dvorany
867993,Veľké Hoste
868001,Veľké Chlievany
868019,Veľké Chyndice
868035,Veľké Janíkovce
868043,Veľké Kapušany
868132,Veľké Kosihy
868141,Veľké Kostoľany
868159,Zákostoľany
868167,Veľké Košecké Podhradie
868175,Veľké Kozmálovce
868183,Veľké Kršteňany
868191,Veľké Leváre
868205,Veľké Lovce
868213,Veľké Ludince
868221,Veľké Orvište
868230,Veľké Ozorovce
868248,Veľké Pole
868256,Veľké Raškovce
868272,Veľké Revištia
868299,Veľké Ripňany
868540,Veľké Rovné
868582,Veľké Slemence
868591,Veľké Stankovce
868612,Veľké Straciny
868639,Malé Teriakovce
868647,Nižný Skálnik
868663,Veľké Teriakovce
868671,Vrbovce nad Rimavou
868698,Veľké Trakany
868701,Dolné Turovce
868710,Stredné Turovce
868744,Veľké Uherce
868752,Veľké Úľany
868761,Veľké Vozokany
868779,Zalužice
868787,Veľké Zálužie
868833,Veľké Zlievce
868841,Veľkrop
868850,Malý Biel
868868,Veľký Biel
868892,Vyšný Blh
868906,Nižný Blh
868914,Veľký Cetín
868922,Veľký Čepčín
868931,Dolný Ďur
868949,Horný Ďur
868965,Rohožnica
868973,Veľký Folkmar
868990,Veľký Grob
869007,Veľký Horeš
869015,Veľký Kamenec
869023,Ješkova Ves
869031,Klíž
869040,Klížske Hradište
869058,Veľký Krtíš
869139,Veľký Lipník
869147,Veľký Lom
869163,Veľký Slavkov
869171,Veľký Slivník
869198,Veľký Šariš
869201,Veľopolie
869210,Velušovce
869228,Vernár
869236,Ťapkové
869244,Veselé
869252,Veterná Poruba
869261,Vidiná
869279,Vieska
869295,Vieska
869309,Vieska nad Blhom
869317,Vieska nad Žitavou
869350,Vígľaš
869431,Vígľašská Huta-Kalinka
869457,Vikartovce
869465,Vinica
869473,Viničky
869481,Viničné
869503,Vinné
869511,Dolný Vinodol
869520,Horný Vinodol
869546,Vinohrady nad Váhom
869554,Veľké Tŕnie
869571,Malé Tŕnie
869589,Vislanka
869597,Vislava
869619,Visolaje
869627,Višňov
869635,Višňové
869643,Višňové
869651,Višňové
869686,Vištuk
869694,Oravice
869708,Vitanová
869724,Víťaz
869732,Víťazovce
869759,Vítkovce
869767,Vlača
869775,Driečna
869783,Vladiča
869791,Suchá
869813,Vlachovo
869821,Krmeš
869830,Vlachy
869848,Vlašky
869872,Vlčany
869881,Vlčkovce
869899,Vlkanová
869902,Vlkas
869929,Vlková
869937,Vlkovce
869945,Vlky
869953,Vlkyňa
869961,Voderady
869970,Vojany
869996,Vojčice
870005,Vojka
870013,Kyselica
870021,Vojka nad Dunajom
870030,Vojkovce
870048,Vojňany
870056,Vojnatina
870081,Bátorove Kosihy
870099,Vojtovce
870129,Voľa
870137,Volica
870153,Volkovce
870161,Závada
870170,Voznica
870188,Vozokany
870196,Vozokany
870218,Vráble
870226,Vrádište
870251,Nekyje na Ostrove
870269,Vrakúň
870293,Vrakuňa
870307,Vranie
870315,Vranov nad Topľou
870439,Vrbnica
870447,Vrbov
870463,Vrbová nad Váhom
870587,Vrbovce
870595,Vrbové
870617,Vrbovka
870625,Vrchteplá
870633,Vrícko
870641,Vršatské Podhradie
870650,Vrútky
870749,Vtáčkovce
870765,Výborná
870773,Ľudovítová
870781,Výčapy-Opatovce
870790,Vydrany
870811,Vydrná
870820,Vydrník
870846,Vyhne
870862,Východná
870871,Výrava
870897,Vysočany
870901,Vysoká
870919,Vysoká
871061,Vysoká nad Kysucou
871117,Vysoká nad Uhom
871133,Vysoká pri Morave
871141,Vyškovce
871168,Vyškovce nad Ipľom
871184,Vyšná Boca
871192,Vyšná Hutka
871206,Vyšná Jablonka
871214,Vyšná Jedľová
871222,Vyšná Kamenica
871231,Vyšná Myšľa
871249,Vyšná Olšava
871257,Vyšná Pisaná
871265,Vyšná Pokoradz
871273,Vyšná Polianka
871290,Vyšná Rybnica
871303,Vyšná Sitnica
871311,Vyšná Slaná
871346,Vyšná Šebastová
871354,Vyšná Šuňava
871362,Vyšná Voľa
871371,Vyšné Ladičkovce
871389,Vyšné nad Hronom
871401,Vyšné Nemecké
871419,Vyšné Raslavice
871427,Vyšné Remety
871435,Vyšné Repaše
871451,Vyšné Ružbachy
871460,Gregorovce
871478,Vyšné Valice
871486,Vyšný Čaj
871494,Maškovce
871508,Vyšný Hrušov
871516,Vyšný Klátov
871524,Vyšný Komárnik
871532,Vyšný Kručov
871541,Vyšný Kubín
871559,Vyšný Lánec
871575,Vyšný Mirošov
871583,Vyšný Orlík
871591,Vyšný Skálnik
871605,Vyšný Slavkov
871613,Vyšný Tvarožec
871621,Vyšný Žipov
871648,Zábiedovo
871664,Záblatie
871672,Záborie
871681,Záborské
871699,Dvorníky
871702,Včeláre
871711,Zádiel
871729,Zádor
871737,Zádubnie
871745,Záhor
871770,Záhorce
871788,Záhorie
871796,Záhorská Bystrica
872512,Závadka
872547,Závadka
872563,Závadka nad Hronom
872580,Zavar
872598,Orechové
872601,Istebník
872644,Závažná Poruba
872679,Závod
872806,Zázrivá
872822,Zbehňov
872831,Zbehy
872849,Zboj
872857,Zbojné
872873,Zbora
872881,Zborov
872903,Zborov nad Bystricou
872911,Dolné Zbrojníky
872920,Horné Zbrojníky
872946,Zbudská Belá
872954,Zbudské Dlhé
872962,Zbudský Rokytov
872971,Zbudza
872989,Zbyňov
872997,Zeleneč
873004,Zemianska Dedina
873021,Zemianska Olča
873039,Zemianska Závada
873055,Zemianske Kostoľany
873063,Zemianske Lieskové
873080,Zemianske Podhradie
873098,Zemianske Sady
873101,Zemiansky Kvašov
873136,Zemiansky Vrbovok
873152,Zemné
873161,Zemplín
873179,Stanča
873187,Úpor
873195,Zemplínsky Klečenov
873209,Zemplínska Široká
873217,Zemplínska Teplica
873225,Zemplínske Hámre
873241,Zemplínske Hradište
873250,Zemplínske Jastrabie
873268,Zemplínsky Branč
873284,Zlatá Baňa
873322,Zlatá Idka
873349,Zlaté
873365,Čenkovce
873373,Maslovce
873390,Rastice
873420,Prílepy
873438,Zlaté Moravce
873462,Zlatná na Ostrove
873471,Zlatník
873501,Zlatníky
873519,Zlatno
873527,Hanzlíková
873551,Zlatovce
873578,Zliechov
873586,Zohor
873594,Zolná
873608,Zombor
873641,Zubák
873659,Zuberec
873675,Zubné
873683,Zubrohlava
873691,Zvala
873705,Zvolen
873845,Môťová
873900,Zvolenská Slatina
873918,Zvončín
873926,Žabokreky
873934,Žabokreky nad Nitrou
873942,Žakarovce
873951,Žakovce
873969,Žalobín
873977,Žarnov
874001,Žarnovica
874019,Žarnovická Huta
874027,Žaškov
874035,Žatkovce
874051,Žbince
874060,Ždaňa
874108,Tatranská Javorina
874132,Ždiar
874159,Žehňa
874183,Žehra
874205,Železná Breznica
874213,Železník
874248,Mikula
874272,Želiezovce
874281,Želmanovce
874302,Želovce
874311,Dolné Žemberovce
874329,Horné Žemberovce
874337,Žemliare
874353,Žiar
874361,Žiar
874370,Žiar nad Hronom
874515,Horné Opatovce
874558,Žibritov
874574,Žihárec
874591,Žikava
874604,Žilina
874825,Budatín
874876,Závodie
874906,Žilinská Lehota
874914,Žíp
874922,Žipov
874931,Žirany
874949,Kňažice
874957,Opatovce
874965,Hoňovce
874973,Žitavce
874981,Radiša
874990,Žitná
875007,Žlkovce
875015,Župčany
875066,Župkov
875163,Horný chotár
875210,Čakýň
875236,Prostredný Vadičov
875309,Košické Hámre
875317,Malý Folkmar
875333,Valkov
875376,Pavlovo
875384,Malý Kazimír
875414,Ružín
877689,Vieska
877891,Brody
877999,Jazero
878049,Železiarne
879703,Valaškovce-Sever
879711,Malý Kýr
879720,Nemecký Svodín
881171,Nové Ťahanovce
881228,Grunt
881317,Skladná
881406,Nižná Úvrať
882003,Veľká tabuľa
882011,Svätý Štefan
950017,Nové
950025,Nový Horeš
950033,Stredná hora
950041,Záložná
950050,Rúbanice
950068,Primoravské lúky
950076,Záhajné
950084,Sedlište
950092,Sestrč
950106,Tichá dolina
950114,Poteho osada
950122,Ľubické Kúpele
950131,Ruskinovce
950149,Hniezdno
950157,Blažov
950165,Dvorce
991911,Lešť II
991929,Podjavorie II
991945,Nivky
991953,Obora
991961,Šranek
991970,Bažantnica
991988,Červený Kríž
991996,Riadok
992003,Turecký vrch
992151,Valaškovce-Stred
992160,Valaškovce-Juh
